material,2.466
positioning,0.3
threat,0.12
move #, depth, move, time, visited, pruned, DP hits
1,1,g1f3,0.0074307918548583984,21,0,0
1,2,g1f3,0.02279496192932129,79,0,0
1,3,g1f3,0.23114776611328125,767,0,159
1,4,g1f3,0.9591670036315918,3540,0,703
3,1,b1c3,0.007792949676513672,23,0,7
3,2,b1c3,0.026753902435302734,127,0,89
3,3,b1c3,0.4635488986968994,1416,0,226
3,4,b1c3,3.92969012260437,12740,0,2751
5,1,c3d5,0.008418083190917969,25,0,7
5,2,f3e5,0.029783010482788086,111,0,31
5,3,f3e5,0.44986915588378906,1396,0,192
5,4,f3e5,5.4908740520477295,17458,0,4173
7,1,c3d5,0.01544189453125,30,0,9
7,2,e5d3,0.11913418769836426,281,0,103
7,3,e5f3,1.1319990158081055,3111,0,350
7,4,e5c6,4.068691968917847,12980,0,2666
9,1,c6d8,0.011086702346801758,30,0,2
9,2,c6d8,0.019001007080078125,84,0,28
9,3,c6d8,0.3092987537384033,987,0,198
9,4,c6d8,0.9486749172210693,3519,0,392
11,1,d8e6,0.009570121765136719,26,0,1
11,2,d8f7,0.03178906440734863,116,0,28
11,3,d8f7,0.4928910732269287,1569,0,190
11,4,d8f7,1.4371182918548584,5149,0,541
13,1,f7e5,0.00908803939819336,28,0,7
13,2,f7e5,0.026639938354492188,140,0,112
13,3,f7h8,0.3968539237976074,1261,0,147
13,4,f7h8,2.102947950363159,7036,0,1209
15,1,h8g6,0.008234977722167969,23,0,2
15,2,h8g6,0.027891874313354492,132,0,109
15,3,h8g6,0.45943188667297363,1459,0,126
15,4,h8g6,4.161881685256958,14495,0,2368
16,1,d5d4,0.005015134811401367,5,29,0
16,2,d5d4,0.018455028533935547,43,44,0
16,3,d5d4,0.20212602615356445,174,1199,9
16,4,d5d4,0.7845063209533691,1818,1831,234
17,1,g6e5,0.008312225341796875,26,0,3
17,2,g6e5,0.16137290000915527,529,0,77
17,3,g6e5,1.2343568801879883,4068,0,304
17,4,c3b5,18.00124502182007,63156,0,16968
18,1,h7g6,0.004080057144165039,7,27,6
18,2,h7g6,0.012305974960327148,29,47,22
18,3,e7e6,0.1927950382232666,210,1047,2
18,4,h7g6,0.47620701789855957,1029,1262,30
19,1,b5d4,0.0076558589935302734,23,0,0
19,2,b5c7,0.03261613845825195,127,0,37
19,3,b5c7,0.3290867805480957,1123,0,108
19,4,h1g1,2.6409080028533936,9518,0,1579
20,1,d4d3,0.003256082534790039,4,30,3
20,2,d4d3,0.014699935913085938,40,40,17
20,3,a7a6,0.0836176872253418,69,547,0
20,4,d4d3,0.31477880477905273,689,933,66
21,1,b5d4,0.0077250003814697266,24,0,0
21,2,b5c7,0.03292107582092285,117,0,4
21,3,b5c7,0.16797113418579102,596,0,132
21,4,b5c7,2.2290520668029785,7958,0,989
22,1,e8d8,0.000982046127319336,5,0,4
22,2,e8f8,0.006736040115356445,25,9,20
22,3,e8f8,0.06057286262512207,53,174,0
22,4,e8f8,0.180161714553833,430,310,71
23,1,c7d5,0.004558086395263672,24,0,23
23,2,c7e6,0.04809308052062988,265,0,241
23,3,c7a8,0.8466618061065674,2953,0,217
23,4,c2d3,7.744173765182495,27991,0,5560
24,1,a8d8,0.0035791397094726562,5,27,1
24,2,a8d8,0.01219320297241211,40,50,33
24,3,a8e8,0.07308006286621094,65,244,0
24,4,a8c8,0.6070899963378906,1261,993,166
25,1,c7d5,0.007482290267944336,24,0,5
25,2,c7e6,0.06481099128723145,234,0,81
25,3,d1b3,0.6739788055419922,2341,0,246
25,4,c7b5,7.729269027709961,28744,0,7166
26,1,a7a6,0.0030739307403564453,3,30,2
26,2,a7a6,0.008086204528808594,24,34,21
26,3,a7a6,0.08156895637512207,79,469,0
26,4,a7a6,0.46823620796203613,1006,733,57
27,1,b5d4,0.007818937301635742,24,0,0
27,2,b5d4,0.11778807640075684,417,0,119
27,3,b5c3,0.9726569652557373,3418,0,446
27,4,b5c3,8.852166891098022,33063,0,9779
28,1,f6e4,0.012501001358032227,33,0,8
28,2,c8c7,0.05211687088012695,142,56,72
28,3,g4d7,0.5493929386138916,836,1842,32
28,4,g4d7,1.6765413284301758,3711,2823,312
29,1,c3d5,0.007130861282348633,24,0,4
29,2,d1b3,0.05789065361022949,222,0,88
29,3,d1b3,0.5722532272338867,1993,0,227
29,4,d1b3,14.030839920043945,51088,0,13331
30,1,c8c7,0.00890493392944336,24,8,23
30,2,c8c7,0.05921483039855957,151,50,74
30,3,c8c7,0.8373820781707764,1261,1735,89
30,4,c8c7,2.6143980026245117,5656,3772,600
31,1,c3d5,0.010721683502197266,34,0,3
31,2,b3b6,0.032585859298706055,171,0,121
31,3,b3b6,0.7574467658996582,2502,0,208
31,4,b3b6,9.082215070724487,33441,0,7948
32,1,f6e4,0.01057577133178711,26,3,2
32,2,f6d5,0.05409598350524902,119,44,36
32,3,f6e8,0.47809314727783203,890,314,111
32,4,f8e8,1.9018690586090088,3894,1783,548
33,1,b6c7,0.00940704345703125,36,0,18
33,2,b6c7,0.01752305030822754,96,0,51
33,3,b6c7,0.5031590461730957,1712,0,290
33,4,b6c7,1.368973731994629,5775,0,751
34,1,d7e6,0.006287097930908203,23,4,22
34,2,d7c6,0.05126595497131348,127,79,91
34,3,d7c6,0.4178199768066406,626,141,26
34,4,d7c6,1.3939321041107178,3316,1488,547
35,1,c7c6,0.010898351669311523,36,0,8
35,2,c7c8,0.09454798698425293,314,0,37
35,3,c7c8,0.5705132484436035,1826,0,262
35,4,g1h1,5.6840338706970215,22078,0,5887
36,1,f6d5,0.007974863052368164,24,3,10
36,2,e8f8,0.04883098602294922,102,71,27
36,3,e8f7,0.42192602157592773,877,118,54
36,4,e8f7,1.331592082977295,3210,1506,617
37,1,c7c6,0.011979103088378906,36,0,3
37,2,c3d5,0.09720706939697266,507,0,456
37,3,c3e4,2.5068199634552,8785,0,1591
37,4,c7b6,10.246919870376587,39345,0,12567
38,1,f6d5,0.008517742156982422,28,1,16
38,2,f6d7,0.07425999641418457,222,94,133
38,3,f6d5,1.1287260055541992,2228,947,329
38,4,f6d7,4.817707061767578,11223,5904,2822
39,1,b6c6,0.009061813354492188,34,0,12
39,2,b6b3,0.06829190254211426,326,0,233
39,3,b6b3,1.0351269245147705,3532,0,492
39,4,b6b3,13.355596780776978,48411,0,9027
40,1,f7f8,0.0013699531555175781,5,2,4
40,2,f7f8,0.014088869094848633,45,20,26
40,3,f7f8,0.17221283912658691,326,91,2
40,4,f7f8,0.8135721683502197,2016,871,238
41,1,c3d5,0.006552934646606445,34,0,33
41,2,c3d5,0.07595181465148926,410,0,376
41,3,c3d5,1.0859782695770264,3807,0,650
41,4,b3c4,8.51723599433899,33133,0,8639
42,1,g7c3,0.007363080978393555,18,6,7
42,2,g7d4,0.052073001861572266,152,69,97
42,3,g7d4,0.8305931091308594,1476,215,138
42,4,g7f6,3.6288681030273438,9101,4451,2258
43,1,c3d5,0.009743213653564453,38,0,18
43,2,c3d5,0.09963297843933105,541,0,503
43,3,c3d5,1.6790971755981445,5960,0,886
43,4,c4f4,13.346077919006348,52190,0,14701
44,1,d7e5,0.005049943923950195,14,7,13
44,2,d7e5,0.03107619285583496,84,33,63
44,3,d7e5,0.6168801784515381,1204,219,117
44,4,d7e5,3.1340670585632324,7376,3068,1547
45,1,f4f6,0.008976936340332031,37,0,21
45,2,f4h6,0.06756782531738281,298,0,172
45,3,f4h6,1.0876822471618652,3963,0,816
45,4,f4h6,7.538011074066162,29406,0,8334
46,1,f8g8,0.001184701919555664,5,0,4
46,2,f8g8,0.011269092559814453,39,29,34
46,3,f8g8,0.12241196632385254,205,89,3
46,4,f6g7,1.5705931186676025,3856,1986,696
47,1,h6g7,0.009242057800292969,33,0,9
47,2,h6f4,0.02947711944580078,157,0,107
47,3,h6f4,0.655451774597168,2330,0,444
47,4,h6f4,3.61592173576355,14673,0,4411
48,1,g7f6,0.0020248889923095703,5,0,2
48,2,g7f6,0.016968250274658203,65,20,59
48,3,g7f6,0.2899761199951172,523,131,32
48,4,g7f6,1.6709010601043701,4322,1791,1029
49,1,f4f6,0.011165142059326172,37,0,5
49,2,f4h6,0.08022308349609375,298,0,79
49,3,f4h6,1.134814977645874,3963,0,816
49,4,f4h6,7.531493186950684,29406,0,8334
50,1,f8g8,0.0011761188507080078,5,0,4
50,2,f8g8,0.010990142822265625,39,29,34
50,3,f8g8,0.13211393356323242,205,89,3
50,4,f6g7,1.559300184249878,3856,1986,696
51,1,h6g7,0.009387016296386719,33,0,9
51,2,h6f4,0.029818058013916016,157,0,107
51,3,h6f4,0.6675560474395752,2330,0,444
51,4,h6f4,3.5782389640808105,14673,0,4411
52,1,g7f6,0.0015530586242675781,5,0,2
52,2,g7f6,0.01664280891418457,65,20,59
52,3,g7f6,0.2891409397125244,523,131,32
52,4,g7f6,1.6737828254699707,4322,1791,1029
53,1,f4f6,0.011187076568603516,37,0,5
53,2,f4h6,0.0795588493347168,298,0,79
53,3,f4h6,1.0886142253875732,3963,0,816
53,4,f4h6,7.491040945053101,29406,0,8334
54,1,f8g8,0.001196146011352539,5,0,4
54,2,f8g8,0.011061668395996094,39,29,34
54,3,f8g8,0.12325501441955566,205,89,3
54,4,f6g7,1.5459301471710205,3856,1986,696
55,1,h6g7,0.009356975555419922,33,0,9
55,2,h6f4,0.030966758728027344,157,0,107
55,3,h6f4,0.6512210369110107,2330,0,444
55,4,h6f4,3.641603946685791,14673,0,4411
56,1,g7f6,0.0015079975128173828,5,0,2
56,2,g7f6,0.016328096389770508,65,20,59
56,3,g7f6,0.29437899589538574,523,131,32
56,4,g7f6,1.6758661270141602,4322,1791,1029
57,1,f4f6,0.01125192642211914,37,0,5
57,2,f4h6,0.07783818244934082,298,0,79
57,3,f4h6,1.0932097434997559,3963,0,816
57,4,f4h6,10.113186836242676,39445,0,10974
58,1,f8g8,0.0012018680572509766,5,0,4
58,2,f8g8,0.011096000671386719,39,29,34
58,3,f8g8,0.12479591369628906,205,89,3
58,4,f6g7,1.547990083694458,3815,1995,639
59,1,h6g7,0.009379148483276367,33,0,9
59,2,h6g7,0.03655290603637695,202,0,168
59,3,h6e3,0.9464719295501709,3378,0,658
59,4,h6e3,5.412374973297119,21501,0,6111
60,1,g7f6,0.008096933364868164,20,7,2
60,2,g7f6,0.037927865982055664,111,46,79
60,3,e5d3,0.519888162612915,1013,426,109
60,4,g7f6,4.157876014709473,10071,4684,2039
61,1,e3e5,0.010965108871459961,31,0,2
61,2,c3e4,0.07662391662597656,347,0,230
61,3,c3e4,1.0035758018493652,3632,0,508
61,4,c3d5,9.594034910202026,36868,0,9637
62,1,c6d5,0.00963592529296875,25,1,0
62,2,c6d5,0.05925893783569336,141,39,14
62,3,c6d5,0.5575640201568604,1113,657,132
62,4,c6d5,2.886874198913574,6685,3273,1369
63,1,e3e5,0.004728078842163086,25,0,24
63,2,e3h6,0.03942680358886719,205,0,180
63,3,e3h6,0.5643000602722168,2010,0,338
63,4,e3h6,5.495445013046265,21103,0,5202
64,1,f8g8,0.0012159347534179688,5,0,4
64,2,f8g8,0.00793600082397461,27,19,22
64,3,f6g7,0.1812736988067627,216,433,9
64,4,f8f7,0.8220851421356201,1974,1773,112
65,1,h6g6,0.007975101470947266,28,0,10
65,2,h6h7,0.029551267623901367,138,0,76
65,3,h6h7,0.3957860469818115,1433,0,296
65,4,h6e3,4.147810935974121,15686,0,3530
66,1,e5d3,0.003715991973876953,8,22,6
66,2,c5c4,0.01680302619934082,57,48,49
66,3,c5c4,0.3971879482269287,547,1405,4
66,4,c5c4,1.3935718536376953,3234,2299,320
67,1,e3e5,0.01012110710144043,28,0,0
67,2,e3e5,0.14669084548950195,468,0,64
67,3,e3d4,1.2794690132141113,4289,0,662
67,4,d3d4,10.562310218811035,38077,0,9684
68,1,f7g8,0.006926774978637695,21,5,20
68,2,e5c6,0.054412841796875,141,36,62
68,3,e5c6,0.7229712009429932,1189,729,156
68,4,e5c6,3.9721758365631104,10655,3903,3102
69,1,e3e7,0.00915980339050293,29,0,1
69,2,h1g1,0.10116696357727051,451,0,288
69,3,e3f4,0.778831958770752,2863,0,639
69,4,e3h6,9.382986783981323,35563,0,10631
70,1,c6d4,0.004561185836791992,10,18,9
70,2,c6d4,0.025496959686279297,85,54,75
70,3,c6d4,0.2804417610168457,311,785,1
70,4,c6d4,0.9228250980377197,2223,1338,180
71,1,h6g6,0.007996320724487305,28,0,14
71,2,h6h7,0.02547287940979004,138,0,110
71,3,h6h7,0.430919885635376,1477,0,303
71,4,h6h7,3.1455118656158447,12483,0,2266
72,1,f7f8,0.0013518333435058594,5,0,4
72,2,f6g7,0.01155710220336914,44,25,39
72,3,f6g7,0.12611913681030273,139,417,1
72,4,f7f8,0.9087879657745361,2162,1595,99
73,1,h7e7,0.005304813385009766,27,0,26
73,2,h7h6,0.019037961959838867,104,0,77
73,3,h7h6,0.44563794136047363,1449,0,148
73,4,h7h6,1.3321399688720703,5219,0,572
74,1,f8g8,0.0012059211730957031,5,0,4
74,2,f8f7,0.011710882186889648,46,20,41
74,3,f8f7,0.13898801803588867,132,440,4
74,4,f6g7,0.9832298755645752,2221,1581,170
75,1,h6g7,0.007789134979248047,27,0,7
75,2,h6f4,0.0308530330657959,157,0,112
75,3,h6f4,0.5476961135864258,1971,0,435
75,4,h6f4,3.6640989780426025,14420,0,3823
76,1,g7f6,0.003178119659423828,6,0,1
76,2,g7f6,0.01859307289123535,60,23,35
76,3,g7f6,0.16744399070739746,191,237,3
76,4,g7f6,1.257124900817871,3157,1501,344
77,1,f4f6,0.008537054061889648,31,0,9
77,2,f4b8,0.05385613441467285,232,0,115
77,3,f4b8,0.7487428188323975,2842,0,831
77,4,f4h6,2.1485977172851562,8933,0,2554
78,1,f8g8,0.0019440650939941406,5,0,1
78,2,f8f7,0.012945890426635742,46,20,41
78,3,f8f7,0.14323902130126953,132,440,4
78,4,f6g7,0.9842889308929443,2221,1581,170
79,1,h6g7,0.007666110992431641,27,0,8
79,2,h6f4,0.035614967346191406,157,0,93
79,3,h6f4,0.5634000301361084,1971,0,435
79,4,h6f4,3.650369882583618,14420,0,3823
80,1,g7f6,0.0020651817321777344,6,0,1
80,2,g7f6,0.01855301856994629,60,23,35
80,3,g7f6,0.16828703880310059,191,237,3
80,4,g7f6,1.287409782409668,3157,1501,344
81,1,f4f6,0.008779048919677734,31,0,9
81,2,f4b8,0.05449795722961426,232,0,115
81,3,f4b8,0.7624213695526123,2842,0,831
81,4,f4h6,2.167698860168457,8933,0,2554
82,1,f8g8,0.0016667842864990234,5,0,1
82,2,f8f7,0.011644840240478516,46,20,41
82,3,f8f7,0.14453983306884766,132,440,4
82,4,f6g7,0.9816720485687256,2221,1581,170
83,1,h6g7,0.007481098175048828,27,0,8
83,2,h6f4,0.03248429298400879,157,0,93
83,3,h6f4,0.5589239597320557,1971,0,435
83,4,h6f4,3.638075351715088,14420,0,3823
84,1,g7f6,0.0021240711212158203,6,0,1
84,2,g7f6,0.01885700225830078,60,23,35
84,3,g7f6,0.1655731201171875,191,237,3
84,4,g7f6,1.2909660339355469,3157,1501,344
85,1,f4f6,0.00866079330444336,31,0,9
85,2,f4b8,0.05466508865356445,232,0,115
85,3,f4b8,0.8108727931976318,2842,0,831
85,4,f4h6,2.275688886642456,8933,0,2554
86,1,f8g8,0.0021567344665527344,5,0,1
86,2,f8f7,0.012392759323120117,46,20,41
86,3,f8f7,0.15648388862609863,132,440,4
86,4,f6g7,0.9906520843505859,2221,1581,167
87,1,h6g7,0.007802724838256836,27,0,8
87,2,h6f4,0.034451961517333984,157,0,93
87,3,h6f4,0.5487301349639893,1971,0,431
87,4,h6f4,3.8044180870056152,15172,0,4122
88,1,g7f6,0.002267122268676758,6,0,1
88,2,f8g8,0.01331186294555664,40,16,29
88,3,g7f6,0.1612710952758789,181,231,3
88,4,g7f6,1.2634170055389404,3110,1480,340
89,1,f4f6,0.008634090423583984,31,0,8
89,2,f4b8,0.05494117736816406,231,0,117
89,3,f4b8,0.7596800327301025,2814,0,816
89,4,f4b8,6.728178977966309,25472,0,6934
90,1,f8g7,0.0008141994476318359,3,0,2
90,2,f8g7,0.009560108184814453,39,15,36
90,3,f8g7,0.0995018482208252,103,129,0
90,4,f8g7,0.49555015563964844,1177,685,88
91,1,b8b7,0.006335020065307617,31,0,30
91,2,b8c7,0.06704521179199219,357,0,325
91,3,b8c7,1.1167638301849365,3942,0,955
91,4,b8c7,11.427878141403198,42506,0,14337
92,1,f6g5,0.00952911376953125,21,9,1
92,2,f6g5,0.06435680389404297,167,63,66
92,3,d4e6,0.8143601417541504,1533,914,152
92,4,d4e6,3.655539035797119,8694,5234,1960
93,1,c7c4,0.011030197143554688,33,0,1
93,2,c7b6,0.13821816444396973,489,0,93
93,3,c7b6,1.3511059284210205,4748,0,1136
93,4,c7b6,15.501860857009888,61769,0,25502
94,1,f6e5,0.010089874267578125,22,5,9
94,2,f6e5,0.06366419792175293,155,116,32
94,3,e6f4,0.4153280258178711,593,904,14
94,4,e6d4,1.2738380432128906,2826,2217,312
95,1,b6f6,0.010274171829223633,32,0,1
95,2,b6f6,0.14161324501037598,510,0,158
95,3,h1g1,1.7368359565734863,6202,0,1470
95,4,e2e3,17.686397790908813,68770,0,24854
96,1,f6e5,0.011957883834838867,28,2,0
96,2,d4e6,0.08865094184875488,243,114,107
96,3,d4b5,1.362144947052002,2652,1382,268
96,4,d4e6,8.362994909286499,21619,11783,6316
97,1,b6e6,0.010838031768798828,35,0,0
97,2,f1c4,0.07761716842651367,391,0,336
97,3,f1c4,1.419309139251709,4997,0,1084
97,4,f1c4,25.347715139389038,99840,0,36730
98,1,d5c4,0.008955717086791992,24,3,0
98,2,f6e5,0.07787394523620605,179,163,15
98,3,e6c7,1.2233819961547852,2556,763,396
98,4,d5g2,9.693222999572754,24299,11132,5785
99,1,c4e6,0.007226228713989258,39,0,38
99,2,c4e6,0.08679914474487305,452,0,381
99,3,b6e6,2.07169508934021,7486,0,1758
99,4,b6e6,8.778574705123901,34334,0,8694
100,1,g2h1,0.005096912384033203,17,5,16
100,2,g2h1,0.06419038772583008,189,73,95
100,3,g2h1,0.38785314559936523,633,91,35
100,4,g2h1,3.3432469367980957,9043,3844,2237
101,1,e6f6,0.010841131210327148,39,0,7
101,2,e6f7,0.0497739315032959,194,0,5
101,3,e6f7,0.7128760814666748,2658,0,477
101,4,e6g8,3.271688222885132,14313,0,3447
102,1,g7h6,0.0006887912750244141,2,0,1
102,2,g7h6,0.006956815719604492,30,9,28
102,3,g7h6,0.08629989624023438,65,9,0
102,4,g7h6,0.4399690628051758,1156,368,144
103,1,g8g6,0.007235050201416016,38,0,37
103,2,g8f8,0.029057741165161133,157,0,119
103,3,g8f8,0.4481179714202881,1610,0,252
103,4,g8c8,2.9969780445098877,13097,0,3335
104,1,h1e4,0.007886886596679688,18,6,1
104,2,h1f3,0.06782007217407227,179,70,47
104,3,h1e4,0.6231749057769775,926,313,135
104,4,h1e4,2.8664309978485107,7625,3157,1860
105,1,c8b7,0.012252330780029297,41,0,0
105,2,c8f8,0.0652921199798584,246,0,20
105,3,c8f8,0.7444291114807129,2901,0,784
105,4,c8g4,6.255542039871216,27881,0,9116
106,1,f6e5,0.0077130794525146484,21,5,2
106,2,e4f5,0.07468390464782715,224,77,126
106,3,e4c6,0.7792677879333496,1373,411,177
106,4,e4c6,3.4330341815948486,8355,3324,2265
107,1,g4g6,0.014839887619018555,44,0,0
107,2,g4f4,0.037396907806396484,173,0,70
107,3,g4f4,0.9297032356262207,3549,0,871
107,4,c4d3,5.998863697052002,25126,0,7471
108,1,f6e5,0.007388114929199219,16,10,1
108,2,f6g5,0.03880810737609863,104,32,74
108,3,f6g5,0.38436412811279297,618,161,56
108,4,g6g5,2.878964900970459,7460,2655,2084
109,1,g4g5,0.014272212982177734,45,0,0
109,2,g4e6,0.02927374839782715,135,0,34
109,3,g4e6,0.6713879108428955,2499,0,544
109,4,g4h3,2.4275288581848145,11177,0,3593
110,1,h6g7,0.000762939453125,2,0,0
110,2,h6g7,0.006650686264038086,30,8,28
110,3,h6g7,0.08804702758789062,81,13,0
110,4,h6g7,0.6462090015411377,1737,614,196
111,1,h3e6,0.006855964660644531,37,0,36
111,2,h3h7,0.028097867965698242,161,0,117
111,3,h3h7,0.6232750415802002,2347,0,456
111,4,h3h7,1.5502851009368896,6710,0,857
112,1,g7f8,0.0006990432739257812,2,0,1
112,2,g7f8,0.006471872329711914,29,8,27
112,3,g7f8,0.08307886123657227,62,9,0
112,4,g7f8,0.5994510650634766,1596,603,163
113,1,h7e7,0.0067670345306396484,36,0,35
113,2,h7f5,0.017924070358276367,108,0,71
113,3,h7f5,0.45394372940063477,1630,0,200
113,4,h7f5,2.2878830432891846,10385,0,2075
114,1,c6b5,0.007297992706298828,15,5,1
114,2,c6g2,0.03488516807556152,100,36,79
114,3,f8e8,0.2775900363922119,386,84,28
114,4,f8g8,1.848038911819458,4964,2095,1513
115,1,f5f6,0.0077381134033203125,39,0,38
115,2,f5e6,0.0178377628326416,105,0,66
115,3,f5e6,0.7988920211791992,2707,0,508
115,4,f5h7,1.1882379055023193,5826,0,1301
116,1,g8f8,0.0006871223449707031,2,0,1
116,2,g8f8,0.006634950637817383,29,8,27
116,3,g8f8,0.08282923698425293,62,9,0
116,4,g8f8,0.6209678649902344,1596,603,163
117,1,h7e7,0.006783962249755859,36,0,35
117,2,h7f5,0.01777195930480957,108,0,71
117,3,h7f5,0.45363378524780273,1630,0,200
117,4,h7f5,2.3693151473999023,10385,0,2075
118,1,c6b5,0.007142305374145508,15,5,1
118,2,c6g2,0.03624773025512695,100,36,79
118,3,f8e8,0.2931361198425293,386,84,28
118,4,f8g8,1.8463046550750732,4964,2095,1513
119,1,f5f6,0.007302999496459961,39,0,38
119,2,f5e6,0.01674485206604004,105,0,66
119,3,f5e6,0.747697114944458,2707,0,508
119,4,f5h7,1.1810519695281982,5826,0,1301
120,1,g8f8,0.0007100105285644531,2,0,1
120,2,g8f8,0.006413936614990234,29,8,27
120,3,g8f8,0.08661198616027832,62,9,0
120,4,g8f8,0.6153993606567383,1596,603,163
121,1,h7e7,0.0069980621337890625,36,0,35
121,2,h7f5,0.017760038375854492,108,0,71
121,3,h7f5,0.45952486991882324,1630,0,200
121,4,h7f5,2.314055919647217,10385,0,2075
122,1,c6b5,0.006453037261962891,15,5,1
122,2,c6g2,0.035968780517578125,100,36,79
122,3,f8e8,0.2979471683502197,386,84,28
122,4,f8g8,1.7775328159332275,4964,2095,1513
123,1,f5f6,0.007179975509643555,39,0,38
123,2,f5e6,0.016715049743652344,105,0,66
123,3,f5e6,0.7220540046691895,2707,0,508
123,4,f5h7,1.1647872924804688,5826,0,1301
124,1,g8f8,0.0007059574127197266,2,0,1
124,2,g8f8,0.006573915481567383,29,8,27
124,3,g8f8,0.0807349681854248,62,9,0
124,4,g8f8,0.5843319892883301,1596,603,163
125,1,h7e7,0.0067560672760009766,36,0,35
125,2,h7f5,0.018064022064208984,108,0,71
125,3,h7f5,0.4482688903808594,1630,0,200
125,4,h7f5,2.1599931716918945,9899,0,1807
126,1,c6b5,0.007898807525634766,15,5,1
126,2,c6g2,0.03606390953063965,100,36,79
126,3,f8e8,0.29761791229248047,383,84,25
126,4,f8g8,1.8307180404663086,4852,2054,1394
127,1,f5f6,0.008308887481689453,39,0,38
127,2,f5e6,0.017490148544311523,105,0,65
127,3,f5e6,0.7619431018829346,2672,0,485
127,4,f5g6,2.725569009780884,12095,0,3075
128,1,g8h8,0.0012192726135253906,4,0,2
128,2,g8f8,0.014115095138549805,52,20,45
128,3,g8f8,0.12278890609741211,154,25,4
128,4,f6g7,0.78255295753479,2123,947,505
129,1,g6c6,0.00744175910949707,36,0,35
129,2,g6g5,0.023513078689575195,109,0,50
129,3,g6g5,0.661870002746582,2419,0,403
129,4,g6h7,1.1559078693389893,5581,0,1104
130,1,g8f8,0.0009262561798095703,3,0,2
130,2,g8f7,0.012581825256347656,55,14,52
130,3,g8f8,0.10736203193664551,184,23,1
130,4,g8f7,0.9069759845733643,2346,735,368
131,1,h7g7,0.007382869720458984,34,0,33
131,2,h7f5,0.020796775817871094,99,0,39
131,3,h7g6,0.37945008277893066,1325,0,169
131,4,h7g6,0.7614390850067139,3578,0,329
132,1,f7g8,0.0010690689086914062,3,0,2
132,2,f7g8,0.00892186164855957,31,18,28
132,3,f7f8,0.13317489624023438,222,37,2
132,4,f7g8,0.7554233074188232,1988,975,284
133,1,g6c6,0.006783008575439453,36,0,35
133,2,g6g5,0.018102169036865234,109,0,73
133,3,g6g5,0.655642032623291,2419,0,403
133,4,g6h7,1.1129181385040283,5581,0,1104
134,1,g8f8,0.0009710788726806641,3,0,2
134,2,g8f7,0.012748956680297852,55,14,52
134,3,g8f8,0.10794711112976074,184,23,1
134,4,g8f7,0.8617730140686035,2346,735,368
135,1,h7g7,0.0066339969635009766,34,0,33
135,2,h7f5,0.01993584632873535,99,0,39
135,3,h7g6,0.36074066162109375,1325,0,169
135,4,h7g6,0.751849889755249,3578,0,329
136,1,f7g8,0.0009338855743408203,3,0,2
136,2,f7g8,0.007892847061157227,31,18,28
136,3,f7f8,0.12313222885131836,222,37,2
136,4,f7g8,0.728590726852417,1988,975,284
137,1,g6c6,0.006862163543701172,36,0,35
137,2,g6g5,0.01837921142578125,109,0,73
137,3,g6g5,0.6888930797576904,2419,0,403
137,4,g6h7,1.1655731201171875,5581,0,1104
138,1,g8f8,0.000926971435546875,3,0,2
138,2,g8f7,0.01593613624572754,55,14,52
138,3,g8f8,0.12069988250732422,184,23,1
138,4,g8f7,0.9464421272277832,2346,735,368
139,1,h7g7,0.0068149566650390625,34,0,33
139,2,h7f5,0.020364046096801758,99,0,39
139,3,h7g6,0.3912661075592041,1325,0,169
139,4,h7g6,0.7789950370788574,3578,0,329
140,1,f7g8,0.0010831356048583984,3,0,2
140,2,f7g8,0.008229970932006836,31,18,28
140,3,f7f8,0.12935996055603027,222,37,2
140,4,f7g8,0.8178799152374268,1988,975,284
141,1,g6c6,0.007799625396728516,36,0,35
141,2,g6g5,0.02034473419189453,109,0,73
141,3,g6g5,0.6986122131347656,2419,0,403
141,4,g6h7,1.1372199058532715,5584,0,1080
142,1,g8f8,0.0009379386901855469,3,0,2
142,2,g8f7,0.012729167938232422,55,14,52
142,3,g8f8,0.11464905738830566,189,23,1
142,4,g8f7,1.0202302932739258,2696,885,375
143,1,h7g7,0.0068628787994384766,34,0,33
143,2,h7f5,0.021503925323486328,101,0,40
143,3,a1b1,0.5593271255493164,2017,0,197
143,4,h7f5,1.2188448905944824,5525,0,617
144,1,g7f6,0.0013990402221679688,4,0,2
144,2,g7f6,0.017590999603271484,67,24,62
144,3,g7f6,0.2704501152038574,237,42,6
144,4,g7f6,1.3766160011291504,3746,1379,615
145,1,f5f6,0.011092901229858398,39,0,6
145,2,e1e2,0.04405522346496582,218,0,141
145,3,f5g6,0.6838278770446777,2472,0,440
145,4,e1e2,3.8701412677764893,16748,0,4239
146,1,c6b5,0.0066907405853271484,16,4,1
146,2,c6g2,0.03998589515686035,96,33,29
146,3,f7f8,0.27154088020324707,411,96,29
146,4,f7g8,2.029675006866455,5532,2565,1980
147,1,f5f6,0.006846904754638672,37,0,36
147,2,f5e6,0.016291141510009766,101,0,63
147,3,f5e6,0.6742269992828369,2532,0,464
147,4,f5h7,1.0828049182891846,5493,0,1234
148,1,g8f8,0.0008440017700195312,2,0,1
148,2,g8f8,0.006861209869384766,28,7,26
148,3,g8f8,0.07830619812011719,60,8,0
148,4,g8f8,0.5857861042022705,1472,538,158
149,1,h7e7,0.006613016128540039,34,0,33
149,2,h7f5,0.018254995346069336,104,0,69
149,3,h7f5,0.44275975227355957,1503,0,177
149,4,h7f5,2.153611898422241,9865,0,2009
150,1,c6b5,0.006911039352416992,15,5,1
150,2,c6g2,0.034193992614746094,96,36,75
150,3,f8e8,0.24091696739196777,336,74,27
150,4,f8g8,1.9919049739837646,5555,2219,2142
151,1,f5f6,0.0069730281829833984,37,0,36
151,2,f5e6,0.016863107681274414,101,0,64
151,3,f5e6,0.695404052734375,2532,0,464
151,4,f5h7,1.1692237854003906,5493,0,1234
152,1,g8f8,0.0008070468902587891,2,0,1
152,2,g8f8,0.0065958499908447266,28,7,26
152,3,g8f8,0.08026385307312012,60,8,0
152,4,g8f8,0.563148021697998,1472,538,158
153,1,h7e7,0.006516218185424805,34,0,33
153,2,h7f5,0.017201900482177734,104,0,69
153,3,h7f5,0.42777585983276367,1503,0,177
153,4,h7f5,2.167470932006836,9865,0,2009
154,1,c6b5,0.007376194000244141,15,5,1
154,2,c6g2,0.03363204002380371,96,36,75
154,3,f8e8,0.24436712265014648,336,74,27
154,4,f8g8,1.9708342552185059,5555,2219,2142
155,1,f5f6,0.00698399543762207,37,0,36
155,2,f5e6,0.016171932220458984,101,0,64
155,3,f5e6,0.6763238906860352,2532,0,464
155,4,f5h7,1.1177089214324951,5493,0,1234
156,1,g8f8,0.0007910728454589844,2,0,1
156,2,g8f8,0.006867885589599609,28,7,26
156,3,g8f8,0.07888579368591309,60,8,0
156,4,g8f8,0.5487067699432373,1472,538,158
157,1,h7e7,0.006620883941650391,34,0,33
157,2,h7f5,0.0174710750579834,104,0,69
157,3,h7f5,0.41374921798706055,1503,0,177
157,4,h7f5,2.18353009223938,9865,0,2009
158,1,c6b5,0.006741046905517578,15,5,1
158,2,c6g2,0.03365182876586914,96,36,75
158,3,f8e8,0.24811196327209473,336,74,27
158,4,f8g8,1.9887330532073975,5555,2219,2142
159,1,f5f6,0.007009744644165039,37,0,36
159,2,f5e6,0.01691579818725586,101,0,64
159,3,f5e6,0.6769881248474121,2532,0,464
159,4,f5h7,2.4896080493927,11444,0,2859
160,1,g8f8,0.0008199214935302734,2,0,1
160,2,g8f8,0.0066950321197509766,28,7,26
160,3,g8f8,0.08152103424072266,60,8,0
160,4,g8f8,0.5239768028259277,1390,503,133
161,1,h7e7,0.00691986083984375,34,0,33
161,2,h7h6,0.018210172653198242,104,0,68
161,3,h7h6,0.37780213356018066,1385,0,161
161,4,h7g6,2.2410030364990234,9975,0,1795
162,1,f6b2,0.0072040557861328125,20,2,3
162,2,c6d5,0.051595211029052734,170,98,141
162,3,c6d5,0.4995591640472412,942,246,77
162,4,c6d5,4.106250047683716,11147,6403,2240
163,1,g6f6,0.009970903396606445,32,0,0
163,2,g6h6,0.03525805473327637,154,0,45
163,3,g6h6,0.48967409133911133,1761,0,167
163,4,g6f5,3.222923994064331,13939,0,2399
164,1,d5c4,0.006689786911010742,22,0,8
164,2,d5g2,0.0658879280090332,224,87,163
164,3,d5c6,0.5826549530029297,812,237,59
164,4,d5c6,2.7552027702331543,7661,3195,2025
165,1,f5f6,0.011254072189331055,37,0,5
165,2,e2f1,0.07112288475036621,265,0,38
165,3,e2f1,0.889373779296875,3353,0,709
165,4,e2f1,4.808990001678467,20784,0,5672
166,1,c6b5,0.006711721420288086,14,6,1
166,2,f8g8,0.036666154861450195,69,29,31
166,3,f8e8,0.2481837272644043,304,62,24
166,4,f8g8,1.9562609195709229,5306,2086,2001
167,1,f5f6,0.007809877395629883,38,0,37
167,2,f5e6,0.01728510856628418,103,0,65
167,3,f5e6,0.7304782867431641,2617,0,488
167,4,f5h7,1.1285228729248047,5565,0,1263
168,1,g8f8,0.0010280609130859375,2,0,1
168,2,g8f8,0.008613348007202148,28,8,26
168,3,g8f8,0.08371210098266602,60,9,0
168,4,g8f8,0.5405576229095459,1388,529,137
169,1,h7e7,0.007480144500732422,35,0,34
169,2,h7f5,0.018699169158935547,106,0,70
169,3,h7f5,0.45336294174194336,1560,0,189
169,4,h7f5,2.3376970291137695,10256,0,2055
170,1,c6b5,0.006482839584350586,14,6,1
170,2,f8g8,0.031073808670043945,69,29,55
170,3,f8e8,0.24616003036499023,304,62,24
170,4,f8g8,1.9451799392700195,5306,2086,2001
171,1,f5f6,0.008458137512207031,38,0,37
171,2,f5e6,0.017625093460083008,103,0,65
171,3,f5e6,0.7414608001708984,2617,0,488
171,4,f5h7,1.137821912765503,5565,0,1263
172,1,g8f8,0.0008420944213867188,2,0,1
172,2,g8f8,0.007653236389160156,28,8,26
172,3,g8f8,0.08078384399414062,60,9,0
172,4,g8f8,0.5434229373931885,1388,529,137
173,1,h7e7,0.007752895355224609,35,0,34
173,2,h7f5,0.019176006317138672,106,0,70
173,3,h7f5,0.4578979015350342,1560,0,189
173,4,h7f5,2.3236000537872314,10256,0,2055
174,1,c6b5,0.007086277008056641,14,6,1
174,2,f8g8,0.03146505355834961,69,29,55
174,3,f8e8,0.25060510635375977,304,62,24
174,4,f8g8,2.012377977371216,5306,2086,2001
175,1,f5f6,0.008322715759277344,38,0,37
175,2,f5e6,0.018333911895751953,103,0,65
175,3,f5e6,0.7091329097747803,2617,0,488
175,4,f5h7,1.1628141403198242,5565,0,1263
176,1,g8f8,0.0009579658508300781,2,0,1
176,2,g8f8,0.008443832397460938,28,8,26
176,3,g8f8,0.08557486534118652,60,9,0
176,4,g8f8,0.5354440212249756,1388,529,137
177,1,h7e7,0.007805347442626953,35,0,34
177,2,h7f5,0.018838882446289062,106,0,70
177,3,h7f5,0.4624519348144531,1560,0,189
177,4,h7f5,2.3816280364990234,10256,0,2055
178,1,c6b5,0.006989002227783203,14,6,1
178,2,f8g8,0.030984878540039062,69,29,55
178,3,f8e8,0.25001096725463867,304,62,24
178,4,f8g8,2.0104141235351562,5306,2086,1965
179,1,f5f6,0.008860111236572266,38,0,37
179,2,f5e6,0.01949620246887207,103,0,65
179,3,f5e6,0.738584041595459,2617,0,478
179,4,f5h7,2.6946020126342773,11677,0,2961
180,1,g8f8,0.0011658668518066406,2,0,1
180,2,g8f8,0.008533000946044922,28,8,25
180,3,g8f8,0.08429527282714844,59,9,0
180,4,g8f8,0.5374279022216797,1393,524,133
181,1,h7e7,0.009510040283203125,35,0,33
181,2,h7h6,0.020990371704101562,105,0,69
181,3,h7h6,0.4286680221557617,1440,0,173
181,4,h7g6,2.4803950786590576,10476,0,1883
182,1,f6b2,0.007522106170654297,20,2,3
182,2,c6d5,0.053537845611572266,173,104,143
182,3,c6d5,0.5276479721069336,959,243,79
182,4,c6d5,4.388343095779419,11551,6653,2323
183,1,g6f6,0.010632991790771484,33,0,0
183,2,g6h6,0.03864598274230957,156,0,45
183,3,g6h6,0.5109231472015381,1827,0,178
183,4,g6f5,3.551313877105713,14843,0,2572
184,1,d5c4,0.009801864624023438,22,0,8
184,2,d5c6,0.0710909366607666,213,86,150
184,3,d5c6,0.6700839996337891,858,240,61
184,4,d5c6,2.9886958599090576,7789,3279,2014
185,1,f5f6,0.013418912887573242,38,0,5
185,2,f1g1,0.07551884651184082,260,0,35
185,3,f1g1,0.9657831192016602,3377,0,703
185,4,f1g1,4.983533143997192,20671,0,5774
186,1,c6b5,0.006882667541503906,13,7,1
186,2,f8g8,0.03309202194213867,66,30,30
186,3,f8e8,0.23965024948120117,296,63,22
186,4,f8g8,1.4610717296600342,3809,1654,1128
187,1,f5f6,0.007780790328979492,37,0,36
187,2,f5e6,0.019405841827392578,101,0,64
187,3,f5e6,0.7024440765380859,2461,0,450
187,4,f5h7,1.0941267013549805,5199,0,1140
188,1,g8f8,0.0011467933654785156,2,0,1
188,2,g8f8,0.008287906646728516,27,8,25
188,3,g8f8,0.08694291114807129,58,9,0
188,4,g8f8,0.5307021141052246,1341,535,127
189,1,h7e7,0.007206916809082031,34,0,33
189,2,h7f5,0.018275976181030273,104,0,69
189,3,h7f5,0.4409489631652832,1493,0,180
189,4,h7f5,2.0815517902374268,9227,0,1856
190,1,c6b5,0.0061490535736083984,13,7,1
190,2,f8g8,0.026479005813598633,66,30,53
190,3,f8e8,0.23295187950134277,296,63,22
190,4,f8g8,1.4537358283996582,3809,1654,1128
191,1,f5f6,0.007838964462280273,37,0,36
191,2,f5e6,0.01711273193359375,101,0,64
191,3,f5e6,0.6919128894805908,2461,0,450
191,4,f5h7,1.1068220138549805,5199,0,1140
192,1,g8f8,0.00095367431640625,2,0,1
192,2,g8f8,0.0074977874755859375,27,8,25
192,3,g8f8,0.0808110237121582,58,9,0
192,4,g8f8,0.5184500217437744,1341,535,127
193,1,h7e7,0.007270097732543945,34,0,33
193,2,h7f5,0.019624948501586914,104,0,69
193,3,h7f5,0.4311943054199219,1493,0,180
193,4,h7f5,2.152974843978882,9227,0,1856
194,1,c6b5,0.0061321258544921875,13,7,1
194,2,f8g8,0.026810169219970703,66,30,53
194,3,f8e8,0.24953293800354004,296,63,22
194,4,f8g8,1.4409518241882324,3809,1654,1128
195,1,f5f6,0.007973909378051758,37,0,36
195,2,f5e6,0.017367124557495117,101,0,64
195,3,f5e6,0.677933931350708,2461,0,450
195,4,f5h7,1.1274187564849854,5199,0,1140
196,1,g8f8,0.0009400844573974609,2,0,1
196,2,g8f8,0.007780790328979492,27,8,25
196,3,g8f8,0.08288383483886719,58,9,0
196,4,g8f8,0.5484170913696289,1341,535,127
197,1,h7e7,0.00808095932006836,34,0,33
197,2,h7f5,0.019556760787963867,104,0,69
197,3,h7f5,0.4362308979034424,1493,0,180
197,4,h7f5,2.2395570278167725,9227,0,1856
198,1,c6b5,0.006842851638793945,13,7,1
198,2,f8g8,0.030616044998168945,66,30,53
198,3,f8e8,0.25007009506225586,296,63,22
198,4,f8g8,1.4542489051818848,3809,1654,1103
199,1,f5f6,0.00810694694519043,37,0,36
199,2,f5e6,0.018063783645629883,101,0,64
199,3,f5e6,0.6781570911407471,2461,0,442
199,4,f5h7,2.2295801639556885,10022,0,2561
200,1,g8f8,0.0009212493896484375,2,0,1
200,2,g8f8,0.007608175277709961,27,8,24
200,3,g8f8,0.07845902442932129,57,9,0
200,4,g8f8,0.5117089748382568,1350,528,124
201,1,h7e7,0.007644176483154297,34,0,32
201,2,h7h6,0.018732070922851562,103,0,68
201,3,h7h6,0.38573384284973145,1370,0,164
201,4,d3c4,1.9881551265716553,8656,0,1501
202,1,f6e5,0.0076711177825927734,15,8,1
202,2,f8e8,0.02683091163635254,59,33,31
202,3,f8e8,0.12070608139038086,111,38,0
202,4,f8e8,0.6825110912322998,1841,526,294
203,1,h7e7,0.007679939270019531,39,0,38
203,2,h7f7,0.017256975173950195,102,0,61
203,3,h7f7,0.6231899261474609,2230,0,453
203,4,c4e6,0.994088888168335,4970,0,1086
204,1,f6e5,0.006518840789794922,11,10,1
204,2,e8d8,0.0286409854888916,82,31,61
204,3,e8d8,0.22186493873596191,162,34,26
204,4,e8d8,0.9455580711364746,2445,642,647
205,1,h7e7,0.007678031921386719,39,0,38
205,2,h7d3,0.027341842651367188,128,0,56
205,3,h7g8,0.8447310924530029,3071,0,599
205,4,h7f5,3.5004959106445312,14780,0,4198
206,1,f6b2,0.006331682205200195,16,6,5
206,2,d8e8,0.037516117095947266,103,23,87
206,3,d8e8,0.6827669143676758,1279,361,216
206,4,d8c7,3.661547899246216,7699,2311,2182
